id;first_name;last_name;gender;email;phone;address_line_1;address_line_2;city;country;user_id
1;Alfredo;Gleason;MALE;.q%Vf,1O.!1&Z+btJ*%fAG1!}j:H%Hh*8ZG37;ux,UE"wi1uG*@jqW1[Sy'x}^cl=0JGf_npePwPH"IVTL`.}i3Ff.%J{K_2`1qU?)K^#CUwsZncY|4?R%Gq;SgNFOQ.f`DI+Cl^!\WSi+n6hSR;(154) 495-2560 x7322;cross-platform Point Orchestrator;Solomon Islands Licensed;Corwinborough;Lithuania;1
2;Maurice;Bauch;FEMALE;3^N=$zo>3KN$/iuf4[&L]MlV\oU]<?+<7Z68F1ZkPaoFCCa*mw6x.ZoBi0M//~eoxb.:mt~4<MS]O|+WtjK+"Ugh@`sJYN_JA?:3$|l]U[bf[DZ1}{0wa!{J5lhUW}J0];n#B_~9(4jfC*vhvQD.Fh+(e)Ssr~cy`oV8!0&!-U3GTP|3:Tca.6L|u=";!#!qFmJzY8|tJ:z#2U}{G<LD2U;(196) 335-9816;bandwidth azure;SMS Enhanced;Chanelfort;Wallis and Futuna;2
3;Jose;Lehner;MALE;`7)@l:q)x|/n0K?\QR>.'{K203(cdG.)<oYPdn,/:LQ\pNm'VEdg9;_x`U{dDe$oefPI-4$1tD]&zi<I;oVO7xzwZ[?]YntK|..)g+aFq<`.u'1pb_]'O;(613) 237-7888 x84786;Unbranded Cheese Dynamic;Alabama transform;Ondrickashire;Albania;1
4;Carolina;Gutmann;FEMALE;z|=wd!XHF2,2*Vi:HTov)F1@)$.sxU-(f{F(cS[|7\&']&"we'aFztK#^r^6#zOesu)}'rn7R$;(317) 367-8763 x550;turn-key dedicated;Wisconsin;Huelport;Togo;2
5;London;Kemmer;FEMALE;D6AB=:F?ua_Cxik58pEm$e)#k5$.0;mb`3yQ05T[Tp;C@K.Iq-_<32W\^*aeF":#88XC}0>/}];iG747Ug7:i?]Z55,3`Kp*EqmCi]J6l|_;076.019.9492 x983;Automotive Tactics architectures;Wisconsin Facilitator Incredible;West Claud;Svalbard & Jan Mayen Islands;1
6;Emile;Kuhic;MALE;~\@E?V}\OYk]EiuJzNP4?'HAJp~Kgk.6ZI2F]R;/QI>HF?;^VF;wn;>+>:2+mLSfnF|duS<F);(026) 693-1252;portal calculating Metal;real-time discrete redundant;Gaylordhaven;Namibia;2
7;Arnaldo;Langosh;FEMALE;$1z]+l5((^hgNIE,^^+Hr8F#0^?j'OeF{(@}o}ejxM/w:!Gn?+i]Bcan81vnHs_;1P2&-.pyL=BEXRk'ppMlB.zo.p+<&o/j\x:F{#DlP_1}p}KMor6Av\uPu~IkWTQ!Gy;708.830.3504;Argentine Peso implementation;Wallis and Futuna;Lake Lance;Sweden;1
8;Demarco;Bashirian;MALE;[h,IwZs9ZgwH-(3l@5[s_5L#PSuzC&_]VJW;_e|AVJNa9u^IJ.D!(OPh`q6o(kf#!"RUjeYA|UserRjA6T16q_vjOL<H]BN>v'5sM.R9-}K5f\6K~gqM9QbDax0VTP/c[uW?~epC4`gR3#8;722-964-0801 x54566;panel;Analyst card Licensed Cotton Ball;South Natalie;Belarus;1
9;Alda;Denesik;MALE;<{\M|Y]XVX<zt{_pk`^8y8@.CQH4<1/|b5b.u!f7c-3rAB;Np3LJ25>e*z/o5'_g:#nMrBgvP'1(}3?{p)s;(250) 716-9269;alarm Jamaica;system Gorgeous Rubber Pants;Lake Blanchetown;Grenada;1
10;Audreanne;Bayer;OTHER;9w]]00m{k/`zp61=+(kdE)ZAm'DE=)j_p?xY<^2J\&Bv(.IBa*!~+S7d}ZfU3YPr3@ylv"[5,JatjUuD2*K7`-BmCH<u)~=;P&1!`.9BgHnoO[{<_o_KfE>9y)J0w2?RSYJ2X.gL_7bUH|BuZ=z+D"#REXUvXvZ+S-=wP:"L_FSU'8Ed^eaFin+6s$skfI}?RFM'KepgG#&]0xyn1{psp[;484.314.4630 x6968;explicit;Personal Loan Account;Jevonhaven;Maldives;2
